MÃ ĐƠN,THỜI GIAN
2510035CG1N75M,03-04-2026 21:13:38
260404U7EAT4T0,04-04-2026 06:43:11
260404U727NG25,04-04-2026 06:44:53
260404U6T91MEU,04-04-2026 06:45:00
260404UCBXS4C6,04-04-2026 06:47:46
260403TTWY435C,04-04-2026 06:49:09
SPXVN064303634154,04-04-2026 06:50:15
SPXVN068389142484,04-04-2026 06:53:28
SPXVN061022801614,04-04-2026 06:57:45
SPXVN068254802384,04-04-2026 06:58:56
SPXVN060532052704,04-04-2026 6:43:17
SPXVN060138728574,04-04-2026 07:00:03
SPXVN060626913034,04-04-2026 07:04:22
260404V5B7DU9Y,04-04-2026 09:19:27
260404V5VP6TTX,04-04-2026 09:19:33
SPXVN065446623534,04-04-2026 09:28:27
SPXVN069355513894,04-04-2026 09:42:39
SPXVN068085295604,04-04-2026 09:42:45
SPXVN063697039964,04-04-2026 09:50:48
260404V64VJ0HC,04-04-2026 10:02:17
SPXVN063063545164,04-04-2026 10:02:25
SPXVN061817772674,04-04-2026 15:55:30
SPXVN069433231424,04-04-2026 15:55:38
SPXVN069292823454,04-04-2026 15:55:46
SPXVN062655208964,04-04-2026 15:59:45
SPXVN065460859144,04-04-2026 16:02:11
SPXVN068276506764,04-04-2026 16:08:54
SPXVN066497212194,04-04-2026 16:10:19
SPXVN066997438204,04-04-2026 16:13:45
SPXVN069752053154,04-04-2026 16:15:59
SPXVN061264231474,04-04-2026 18:48:44
SPXVN069630103914,04-04-2026 18:48:50
2604051KBJE4SC,05-04-2026 09:33:33
2604051JNX2A0T,05-04-2026 09:33:40
SPXVN061076582034,05-04-2026 09:35:41
SPXVN064673487694,05-04-2026 11:10:57
SPXVN067385504254,05-04-2026 11:18:26
SPXVN065968013624,05-04-2026 11:21:46
SPXVN061067264054,05-04-2026 11:25:16
SPXVN069294792874,05-04-2026 11:27:48
SPXVN063672279564,05-04-2026 11:35:00
SPXVN066045927324,05-04-2026 11:39:53
SPXVN067282799494,05-04-2026 11:48:03
SPXVN067867068154,05-04-2026 11:50:50
SPXVN063311954464,05-04-2026 11:56:34
SPXVN065734184084,05-04-2026 11:59:30
SPXVN068939310754,05-04-2026 12:01:57
SPXVN066067060944,05-04-2026 16:17:00
2604052DTY707E,05-04-2026 22:40:21
SPXVN065372304554,05-04-2026 22:40:29
GYKKCGCR,06-04-2026 07:09:16
26040636N2U5UM,06-04-2026 08:49:18
2604052YSRP6FV,06-04-2026 08:49:24
2604052Y71TCHC,06-04-2026 08:49:34
2604063DDGCYK0,06-04-2026 08:49:40
2604063W2BUSB4,06-04-2026 08:52:51
SPXVN063910175504,06-04-2026 08:56:47
SPXVN068599628484,06-04-2026 09:01:30
SPXVN062999053524,06-04-2026 09:04:12
SPXVN064605528004,06-04-2026 09:09:26
SPXVN068153328424,06-04-2026 09:11:56
SPXVN062944252444,06-04-2026 09:25:16
2604064B0AME68,06-04-2026 11:40:59
2604064H1VS1MJ,06-04-2026 13:40:44
SPXVN069564269024,06-04-2026 13:56:28
SPXVN062188775014,06-04-2026 13:56:34
SPXVN069413753304,06-04-2026 13:58:39
SPXVN062552132484,06-04-2026 14:01:32
SPXVN066002973574,06-04-2026 14:03:17
SPXVN069050016824,06-04-2026 14:04:44
SPXVN064914177184,06-04-2026 14:08:10
SPXVN061238166914,06-04-2026 14:13:12
SPXVN068748603904,06-04-2026 14:16:47
SPXVN067403452844,06-04-2026 14:19:34
SPXVN066670533094,06-04-2026 15:18:03
GYKWGPQ8,06-04-2026 15:18:07
SPXVN067892776984,07-04-2026 07:00:47
2604065EY9J41Q,07-04-2026 07:49:06
SPXVN069263849284,07-04-2026 08:19:50
SPXVN060427329924,07-04-2026 08:19:55
SPXVN069352007204,07-04-2026 08:22:27
SPXVN062656051494,07-04-2026 08:22:38
SPXVN069414329554,07-04-2026 08:26:11
SPXVN063484820504,07-04-2026 08:30:35
SPXVN067657570094,07-04-2026 08:32:23
SPXVN068521213664,07-04-2026 08:35:13
SPXVN062377865884,07-04-2026 08:37:59
SPXVN068117932924,07-04-2026 08:41:27
SPXVN060979200394,07-04-2026 08:43:04
SPXVN063830993484,07-04-2026 08:47:39
SPXVN068779651534,07-04-2026 08:52:11
SPXVN062470626654,07-04-2026 08:56:08
2604076MHQEMTH,07-04-2026 09:39:55
2604075PXDVB2S,07-04-2026 10:16:53
2604076NQGQ0G4,07-04-2026 10:16:57
SPXVN067607881314,07-04-2026 10:25:06
SPXVN068114830064,07-04-2026 15:42:24
2604077C7M9TG1,07-04-2026 17:11:55
SPXVN063420481304,07-04-2026 17:12:01
SPXVN060406885994,07-04-2026 18:35:35
SPXVN065872824704,07-04-2026 18:35:39
SPXVN064902098234,07-04-2026 18:35:43
SPXVN066103177684,07-04-2026 19:03:34
SPXVN063517811024,07-04-2026 17:16:47
SPXVN068877181324,08-04-2026 08:06:12
SPXVN068017268314,08-04-2026 08:10:39
SPXVN062869722174,08-04-2026 08:16:44
SPXVN060531447334,08-04-2026 08:26:13
SPXVN067959591754,08-04-2026 08:31:38
SPXVN065302259584,08-04-2026 08:31:43
SPXVN064007277934,08-04-2026 08:39:13
SPXVN068702362464,08-04-2026 15:50:41
GYKHWVVQ,08-04-2026 15:50:46
SPXVN069235835714,08-04-2026 15:57:28
GYKHWV9E,08-04-2026 16:00:33
GYKHWVV7,08-04-2026 16:02:13
SPXVN060621958944,08-04-2026 16:04:24
SPXVN060664172384,08-04-2026 16:06:21
260408ADEPBG59,09-04-2026 07:53:08
SPXVN067523407244,09-04-2026 07:53:14
SPXVN069986937624,09-04-2026 07:56:39
SPXVN066115411454,09-04-2026 07:58:16
SPXVN062013004374,09-04-2026 08:00:39
SPXVN065493963534,09-04-2026 08:09:02
SPXVN062853954524,09-04-2026 09:31:00
139029310517,09-04-2026 11:14:13
139029094755,09-04-2026 11:14:16
260409BYFB9DUE,09-04-2026 14:04:24
SPXVN066654104404,09-04-2026 14:04:30
SPXVN061640555574,09-04-2026 14:14:30
SPXVN065050589974,09-04-2026 14:18:24
SPXVN061616337864,09-04-2026 14:57:46
260409CCFBHX46,09-04-2026 16:35:17
260410D99G7R5T,10-04-2026 08:00:13
SPXVN062614369974,10-04-2026 08:00:19
SPXVN065292918904,10-04-2026 08:08:12
SPXVN062722426194,10-04-2026 08:11:31
SPXVN062429324794,10-04-2026 08:15:36
